N	Id	Description	Localization	         Method	Threshold	Avg Score	Cover	Epitope	Start	End	N-Glyc	N-Glyc-Count	N-Glyc-Motifs	Length	kDa	I.P	Avg Hydropathy	Avg Cover
1	O83289	O83289	CytoplasmicMembrane	   BepiPred-3.0	0.15	0.22	-	RYTTAPFPPTPAN	215	228	N	0	-	13	1.43	8.75	-0.88	0.80
				          Emini	1.00	3.11	1.00	EEEEEEEEEEEEE         	
				       Kolaskar	1.07	1.00	0.00	.............         	
				    Chou Fosman	0.90	1.10	1.00	EEEEEEEEEEEEE         	
				 Karplus Schulz	0.96	1.03	1.00	EEEEEEEEEEEEE         	
				         Parker	-0.69	2.25	1.00	EEEEEEEEEEEEE         	
				    All matches	-	-	0.00	.............         	
				         N-Glyc	-	-	0.00	.............         	
				     Hydropathy	-	-0.88	-	----+-+----+-         	
2	O83444	O83444	CytoplasmicMembrane	   BepiPred-3.0	0.15	0.21	-	QTKNVTRGEE	62	72	Y	1	NVT[4:6]	10	1.16	6.14	-2.00	0.78
				          Emini	1.00	2.29	0.90	EEEEEEEEE.         	
				       Kolaskar	1.07	0.97	0.00	..........         	
				    Chou Fosman	0.90	1.01	1.00	EEEEEEEEEE         	
				 Karplus Schulz	0.97	1.05	1.00	EEEEEEEEEE         	
				         Parker	0.14	4.54	1.00	EEEEEEEEEE         	
				    All matches	-	-	0.00	..........         	
				         N-Glyc	-	-	0.30	...EEE....         	
				     Hydropathy	-	-2.00	-	----+-----         	
3	O83561	O83561	Cytoplasmic	   BepiPred-3.0	0.15	0.21	-	GGKNGEVRDR	379	389	N	0	-	10	1.09	8.75	-2.04	0.76
				          Emini	1.00	2.23	0.80	..EEEEEEEE         	
				       Kolaskar	1.06	0.96	0.00	..........         	
				    Chou Fosman	0.92	1.11	1.00	EEEEEEEEEE         	
				 Karplus Schulz	0.98	1.06	1.00	EEEEEEEEEE         	
				         Parker	1.27	4.27	1.00	EEEEEEEEEE         	
				    All matches	-	-	0.00	..........         	
				         N-Glyc	-	-	0.00	..........         	
				     Hydropathy	-	-2.04	-	------+---         	
4	O66103	O66103	CytoplasmicMembrane	   BepiPred-3.0	0.15	0.22	-	RTPPEIGPERN	254	265	N	0	-	11	1.27	6.14	-1.90	0.75
				          Emini	1.00	1.58	0.82	EEE..EEEEEE         	
				       Kolaskar	1.04	0.97	0.00	...........         	
				    Chou Fosman	0.92	1.08	1.00	EEEEEEEEEEE         	
				 Karplus Schulz	0.98	1.04	1.00	EEEEEEEEEEE         	
				         Parker	0.80	2.86	0.91	EE.EEEEEEEE         	
				    All matches	-	-	0.00	...........         	
				         N-Glyc	-	-	0.00	...........         	
				     Hydropathy	-	-1.90	-	-----+-----         	
5	O83151	O83151	Cytoplasmic	   BepiPred-3.0	0.15	0.23	-	KSSEQSHYVNN	86	97	N	0	-	11	1.29	6.75	-1.87	0.75
				          Emini	1.00	1.81	0.73	EEEEEEEE...         	
				       Kolaskar	1.04	1.02	0.45	.....EE.EEE         	
				    Chou Fosman	0.94	1.12	1.00	EEEEEEEEEEE         	
				 Karplus Schulz	0.99	1.04	0.55	EEEEEE.....         	
				         Parker	1.14	3.95	1.00	EEEEEEEEEEE         	
				    All matches	-	-	0.09	.....E.....         	
				         N-Glyc	-	-	0.00	...........         	
				     Hydropathy	-	-1.87	-	--------+--         	
6	O83544	O83544	CytoplasmicMembrane	   BepiPred-3.0	0.15	0.25	-	PRGKSSVAHDSANEEQFQGEKC	109	131	N	0	-	22	2.40	5.54	-1.44	0.73
				          Emini	1.00	1.84	0.64	EEEE.E...EEEEEEEEE....         	
				       Kolaskar	1.06	1.00	0.09	.......EE.............         	
				    Chou Fosman	0.93	1.05	0.91	EEEEEEEEEEEEEE.E.EEEEE         	
				 Karplus Schulz	0.98	1.04	1.00	EEEEEEEEEEEEEEEEEEEEEE         	
				         Parker	0.44	4.05	1.00	EEEEEEEEEEEEEEEEEEEEEE         	
				    All matches	-	-	0.00	......................         	
				         N-Glyc	-	-	0.00	......................         	
				     Hydropathy	-	-1.44	-	------++---+----+----+         	
7	O83414	O83414	CytoplasmicMembrane	   BepiPred-3.0	0.15	0.21	-	EIRQDNPDTPWDD	293	306	N	0	-	13	1.60	3.71	-2.25	0.72
				          Emini	1.00	1.97	0.77	..EEEEEEEEEE.         	
				       Kolaskar	1.02	0.95	0.08	E............         	
				    Chou Fosman	0.93	1.19	0.92	.EEEEEEEEEEEE         	
				 Karplus Schulz	1.00	1.05	0.92	.EEEEEEEEEEEE         	
				         Parker	1.55	3.76	0.92	.EEEEEEEEEEEE         	
				    All matches	-	-	0.00	.............         	
				         N-Glyc	-	-	0.00	.............         	
				     Hydropathy	-	-2.25	-	-+-----------         	
8	O07888	O07888	Unknown	   BepiPred-3.0	0.15	0.22	-	YPVSQEFRESREL	66	79	N	0	-	13	1.64	4.79	-1.28	0.68
				          Emini	1.00	1.71	0.77	..E.EEEEEEEEE         	
				       Kolaskar	1.05	1.02	0.38	EEEE........E         	
				    Chou Fosman	0.91	0.93	0.62	EEEEE.EE....E         	
				 Karplus Schulz	0.99	1.02	0.77	..EEEEEEEEEE.         	
				         Parker	1.14	2.38	0.85	EEE.EEEEEEEE.         	
				    All matches	-	-	0.08	..E..........         	
				         N-Glyc	-	-	0.00	.............         	
				     Hydropathy	-	-1.28	-	--+---+-----+         	
9	O83425	O83425	CytoplasmicMembrane	   BepiPred-3.0	0.15	0.21	-	RKDSYGLDVR	280	290	N	0	-	10	1.21	8.59	-1.44	0.66
				          Emini	1.00	1.87	0.50	EEEEE.....         	
				       Kolaskar	1.04	1.02	0.30	.E...EE...         	
				    Chou Fosman	0.92	1.14	1.00	EEEEEEEEEE         	
				 Karplus Schulz	0.99	0.99	0.50	EEEE.....E         	
				         Parker	0.91	2.80	1.00	EEEEEEEEEE         	
				    All matches	-	-	0.10	.E........         	
				         N-Glyc	-	-	0.00	..........         	
				     Hydropathy	-	-1.44	-	------+-+-         	
10	O83498	O83498	CytoplasmicMembrane	   BepiPred-3.0	0.15	0.19	-	PEYSLNYSNI	214	224	Y	1	NYS[6:8]	10	1.20	4.00	-0.80	0.66
				          Emini	1.00	1.70	0.70	EEEEEE.E..         	
				       Kolaskar	1.03	1.03	0.30	EE.E......         	
				    Chou Fosman	0.94	1.15	1.00	EEEEEEEEEE         	
				 Karplus Schulz	0.99	0.98	0.50	EE.....EEE         	
				         Parker	0.92	1.38	0.80	..EEEEEEEE         	
				    All matches	-	-	0.00	..........         	
				         N-Glyc	-	-	0.30	.....EEE..         	
				     Hydropathy	-	-0.80	-	----+----+         	
11	O83279	O83279	CytoplasmicMembrane	   BepiPred-3.0	0.15	0.21	-	WHYRYRHEQQ	288	298	N	0	-	10	1.50	8.60	-2.94	0.64
				          Emini	1.00	4.49	1.00	EEEEEEEEEE         	
				       Kolaskar	1.07	1.01	0.00	..........         	
				    Chou Fosman	0.94	0.99	1.00	EEEEEEEEEE         	
				 Karplus Schulz	0.97	0.98	0.40	......EEEE         	
				         Parker	-0.10	2.08	0.80	E.E.EEEEEE         	
				    All matches	-	-	0.00	..........         	
				         N-Glyc	-	-	0.00	..........         	
				     Hydropathy	-	-2.94	-	----------         	
12	O83414	O83414	CytoplasmicMembrane	   BepiPred-3.0	0.15	0.19	-	MSNQVGLSNQ	347	357	N	0	-	10	1.08	5.28	-0.61	0.64
				          Emini	1.00	0.70	0.10	E.........         	
				       Kolaskar	1.02	1.02	0.50	....E.EEEE         	
				    Chou Fosman	0.93	1.11	1.00	EEEEEEEEEE         	
				 Karplus Schulz	1.00	1.03	0.80	EEEE..EEEE         	
				         Parker	1.55	2.79	0.80	EEE.EEEEE.         	
				    All matches	-	-	0.00	..........         	
				         N-Glyc	-	-	0.00	..........         	
				     Hydropathy	-	-0.61	-	+---+-+---         	
13	O83943	O83943	CytoplasmicMembrane	   BepiPred-3.0	0.15	0.21	-	QPSCNETGGVFRT	173	13	Y	1	NET[5:7]	13	1.40	5.99	-0.78	0.60
				          Emini	1.00	0.95	0.46	EEEEE.E......         	
				       Kolaskar	1.07	0.77	0.08	E............         	
				    Chou Fosman	0.91	0.91	0.77	EEEEEEEEEE...         	
				 Karplus Schulz	0.97	0.73	0.69	EEEEEEEEE....         	
				         Parker	-0.46	3.10	1.00	EEEEEEEEEEEEE         	
				    All matches	-	-	0.08	E............         	
				         N-Glyc	-	-	0.23	....EEE......         	
				     Hydropathy	-	-0.78	-	---+-----++--         	
14	O83504	O83504	CytoplasmicMembrane	   BepiPred-3.0	0.15	0.25	-	EIEGKAHPER	261	271	N	0	-	10	1.17	5.50	-1.78	0.58
				          Emini	1.00	1.61	0.70	.EE.EEEEE.         	
				       Kolaskar	1.05	0.99	0.00	..........         	
				    Chou Fosman	0.91	0.91	0.40	....EEEE..         	
				 Karplus Schulz	0.98	1.03	1.00	EEEEEEEEEE         	
				         Parker	0.56	2.23	0.80	EEEEEEEE..         	
				    All matches	-	-	0.00	..........         	
				         N-Glyc	-	-	0.00	..........         	
				     Hydropathy	-	-1.78	-	-+---+----         	
15	O83547	O83547	CytoplasmicMembrane	   BepiPred-3.0	0.15	0.22	-	QQKQAETAVEWWKHPPKKV	87	106	N	0	-	19	2.32	9.53	-1.58	0.53
				          Emini	1.00	2.45	0.68	EEEEE..E..EEEEEEE..         	
				       Kolaskar	1.07	1.02	0.16	................EEE         	
				    Chou Fosman	0.92	0.91	0.37	...........EEEEEEE.         	
				 Karplus Schulz	0.99	1.01	0.68	EEEEEEE.....EEEEEE.         	
				         Parker	-0.19	1.83	0.74	EEEEEEEEE...E.EEEE.         	
				    All matches	-	-	0.05	................E..         	
				         N-Glyc	-	-	0.00	...................         	
				     Hydropathy	-	-1.58	-	----+--++---------+         	
16	O83504	O83504	CytoplasmicMembrane	   BepiPred-3.0	0.15	0.26	-	PQRARTRSPRRWTSMIKLGSCC	322	22	N	0	-	22	2.59	11.83	-0.96	0.52
				          Emini	1.00	2.43	0.55	EEEEEEEEEEEE..........         	
				       Kolaskar	1.05	0.84	0.09	.................EE...         	
				    Chou Fosman	0.91	0.88	0.73	EEEEEEEEEEEE...EEEE...         	
				 Karplus Schulz	0.98	0.84	0.68	EEEEEEEEEEEEE...EE....         	
				         Parker	0.56	1.85	0.55	EEEEEEEEEEEE..........         	
				    All matches	-	-	0.00	......................         	
				         N-Glyc	-	-	0.00	......................         	
				     Hydropathy	-	-0.96	-	---+----------++-+--++         	
